Fund Name,P1,P2,P3,P4,P5,Topsis Score,Rank
M1,0.7,0.49,4.4,32.9,9.62,0.240033020313936,8
M2,0.89,0.79,4.6,38.3,11.15,0.512683202950634,4
M3,0.61,0.37,6.3,53.6,15.22,0.487119307397886,5
M4,0.87,0.76,5.9,54.6,15.53,0.759332972402166,2
M5,0.8,0.64,5.3,57.9,16.16,0.676922933870555,3
M6,0.6,0.36,4.8,56,15.44,0.417440332178022,7
M7,0.64,0.41,3.1,68,18.04,0.469131883363579,6
M8,0.89,0.79,6.7,56.8,16.3,0.837145362849066,1
